regime_id,regime_name,tier,change_propagation_model,corpus_ingested,cadence_ingested,changes_ingested,visible_cadence_versions_per_year,versions_tracked,changes_tracked,pending_enforcements,active_deprecation_ballots,corpus_measured,note
cabf_tls_br,CA/Browser Forum TLS Baseline Requirements,1_versioned_ballot_driven,Each release is the unit of normative change; per-version edits auditable from CA/B Forum redlines.,partial,yes,yes,16.74,13,139,8,6,partial,Corpus through v2.2.1; cadence and changes through v2.2.6.
cabf_smime_br,CA/Browser Forum S/MIME Baseline Requirements,1_versioned_ballot_driven,Same model as TLS BRs; versioned and ballot-driven.,no,yes,yes,5.76,5,29,0,0,no,5 versions over 317 days (v1.0.9 to v1.0.13); 29 changes.
cabf_ev_guidelines,CA/Browser Forum Extended Validation Guidelines,1_versioned_ballot_driven,Same model as TLS BRs; major-restructure ballot in window forces extended-baseline annualization.,no,partial,yes,0.99,2,145,0,0,no,2 versions; v2.0.0 to v2.0.1 contains 145 changes (restructure); annualized over ~2 years gives ~73 changes/yr.
cabf_netsec,CA/Browser Forum Network and Certificate System Security Requirements,1_versioned_ballot_driven,Same model as TLS BRs; versioned and ballot-driven.,no,yes,yes,3.51,2,48,0,0,no,2 versions over 208 days (v2.0.4 to v2.0.5); 48 changes. Single-release window may not be steady-state.
cabf_codesigning_br,CA/Browser Forum Code Signing Baseline Requirements,1_versioned_ballot_driven,Same model as TLS BRs; versioned and ballot-driven.,no,yes,yes,1.54,2,19,0,0,no,2 versions over 473 days (v3.9.0 to v3.10.0); 19 changes.
mozilla_root_program_policy,Mozilla Root Store Policy,2_continuously_communicated,Versioned snapshot of decisions communicated through m.d.s.policy threads CCADB records and Bugzilla. Version count is a periodic codification not a change-rate measurement.,no,yes,no,1.30,2,0,0,0,no,Visible cadence is a floor; actual normative volume propagates through m.d.s.policy and CCADB. H(R) not applied because change channel is wrong.
chrome_root_program_policy,Chrome Root Program Policy,2_continuously_communicated,Versioned policy supplements ongoing communication via GitHub Chrome Root Program repo and blog posts. CABF ballot positions also normative.,no,yes,no,3.56,4,0,0,0,no,2 dated versions (v1.7 2025-07-15 and v1.8 2026-02-05) of 4 tracked. Visible cadence is a floor.
apple_root_program_policy,Apple Root Certificate Program,2_continuously_communicated,Normative changes communicated primarily through developer documentation updates and root program email. Versioned policy releases are sparse and lag operational requirements.,no,no,no,,1,0,0,0,no,Single tracked version. Tracking gap reflects upstream practice.
microsoft_root_program_policy,Microsoft Trusted Root Program,2_continuously_communicated,Normative changes communicated primarily through TechCommunity posts security baseline updates and KB articles.,no,no,no,,1,0,0,0,no,Single tracked version. Tracking gap reflects upstream practice.
