regime_id,regime_name,short_name,corpus_measured,cadence_measured,changes_measured,notes
cabf_tls_br,"CA/Browser Forum TLS Baseline Requirements",TLS BR,partial,yes,yes,"Corpus measurements from tracking system through v2.2.1; cadence and per-section change records through v2.2.6. 8 pending enforcements include the Sep 2026 SHA-1 sunset, Mar 2026 Precertificate Signing CA prohibition, Mar 2027 validation method retirements."
cabf_smime_br,"CA/Browser Forum S/MIME Baseline Requirements",S/MIME BR,no,yes,yes,"Cadence measured: 5 versions over 317 days (v1.0.9 to v1.0.13). 29 changes (15 added / 1 removed / 13 modified). Includes DNSSEC for CAA effective March 2026 and post-quantum algorithm introduction."
cabf_netsec,"CA/Browser Forum Network and Certificate System Security Requirements",NetSec,no,yes,yes,"Cadence measured: 2 versions over 208 days (v2.0.4 to v2.0.5). 48 changes (10 added / 8 removed / 30 modified). Single-release window; cadence may be lower in steady state."
cabf_evg,"CA/Browser Forum Extended Validation Guidelines",EV Guidelines,no,partial,yes,"Cadence measurement complicated. 2 versions tracked (v2.0.0, v2.0.1) only 19 days apart with 145 changes; this is a major-restructure ballot, not steady-state cadence. Long-baseline annualization (over ~2 years since v2.0.0) gives ~73 changes/year."
cabf_codesigning_br,"CA/Browser Forum Code Signing Baseline Requirements",Code Signing BR,no,yes,yes,"Cadence measured: 2 versions over 473 days (v3.9.0 to v3.10.0). 19 changes (7 added / 1 removed / 11 modified). Includes Mar 2026 validity-reduction enforcement (39 months → 460 days)."
mozilla_root_program_policy,"Mozilla Root Store Policy",Mozilla MRSP,no,yes,no,"Cadence measured: 2 versions over 561 days (v2.9 to v3.0). Per-version change records not yet ingested."
chrome_root_program_policy,"Chrome Root Program Policy",Chrome RPP,no,partial,no,"3 versions tracked but only v1.7 dated. Cadence not yet computable."
apple_root_program_policy,"Apple Root Certificate Program",Apple Root,no,no,no,"Single tracked version. Apple typically communicates changes outside versioned releases (developer documentation, mailing list); tracked-version count understates actual change rate."
microsoft_root_program_policy,"Microsoft Trusted Root Program",MS TRP,no,no,no,"Single tracked version. Microsoft typically communicates changes via Tech Community / KB articles; tracked-version count understates actual change rate."
